Question,Possible Answers,,,,Correct Answer
There are three abilities that define intelligence according to the composite definition.,"What are Thinking, Feeling, and Acting?","What are Processing, Storing, and Retrieving?","What are Learning, Posing problems, and Solving problems?","What are Analyzing, Synthesizing, and Evaluating?","What are Learning, Posing problems, and Solving problems?"
"There are four branches of emotional intelligence according to Mayer, Salovey, and Caruso.","What are Recognition, Processing, Understanding, and Application?","What are Perception, Integration, Comprehension, and Regulation?","What are Emotional identification/perception/expression, Emotional facilitation of thought, Emotional understanding, and Emotional management?","What are Input, Analysis, Storage, and Output?","What are Emotional identification/perception/expression, Emotional facilitation of thought, Emotional understanding, and Emotional management?"
He coined the term “Artificial Intelligence”,Who is Alan Turing?,Who is John McCarthy?,Who is Marvin Minsky?,Who is Allen Newell?,Who is John McCarthy?
"It is a family of programming languages with a long history and a distinctive, fully parenthesized prefix notation.",What is Language Integrated System Programming?,What is Logic Implementation and System Processing?,What is List Processing?,What is Linear Intelligence System Protocol?,What is List Processing?
There are three main components of a robot.,"What are Processor, Memory, and Storage?","What are Input, Output, and Control?","What are Manipulator, Control unit, and Power source unit?","What are Sensors, Actuators, and Interfaces?","What are Manipulator, Control unit, and Power source unit?"
There are three aspects of intelligence in Robert Sternberg's Triarchic Theory.,"What are Logical, Creative, and Practical?","What are Componential, Experimental, and Contextual?","What are Verbal, Mathematical, and Spatial?","What are Analytical, Synthetic, and Applied?","What are Componential, Experimental, and Contextual?"
They developed the Logic Theorist in 1955.,Who are John McCarthy and Marvin Minsky?,Who are Alan Turing and Claude Shannon?,Who are Newell and Simon?,Who are McCulloch and Pitts?,Who are Newell and Simon?
They developed PROLOG.,Who is John McCarthy?,Who are Alain Colmeraver and P. Rousse?,Who is Allen Newell?,Who is Marvin Minsky?,Who are Alain Colmeraver and P. Rousse?
There is a meaning of robot in Czech.,What is a Worker?,What is a Slave?,What is a Machine?,What is a Helper?,What is a Slave?
"They developed the concept of ""fuzzy"" sets and systems in the 1960s.",Who is John McCarthy?,Who is Marvin Minsky?,Who is Lotfi Zadeh?,Who is Claude Shannon?,Who is Lotfi Zadeh?
"It is demonstrated through a combination of abilities to learn, pose problems, and solve problems.",What is being inferred by Intelligence?,What is being inferred by Emotional Intelligence?,What is being inferred byArtificial Intelligence?,What is being inferred by IQ?,What is being inferred by Intelligence?
"It refers to the ability to process emotional information, particularly as it involves the perception, assimilation,
understanding, and management of emotion.",What is being inferred by Intelligence?,What is being inferred by Emotional Intelligence?,What is being inferred byArtificial Intelligence?,What is being inferred by IQ?,What is the definition of Emotional Intelligence?
"Human intelligence is important, but it is not the only type of intelligence. Within humans, intellectual ability can be measured and compared using standard tests. In contrast, machine intelligence cannot be assessed in the same way and instead requires a broader understanding of intelligence, since it operates differently from human thought.",How would you compare artificial intelligence to animal intelligence?,How would you compare human intelligence to emotional intelligence?,"How would you compare human intelligence to artificial intelligence? 
.",How would you compare human intelligence to machine learning?,How would you compare human intelligence to other intelligence?
"Water spiders demonstrate intelligence by waiting underwater for passing prey and delivering fatal bites at the right moment, which shows planning and the use of specialized skills.",In what way does the hunting method of the water spider show intelligence?,In what way does the hunting method of the bee show intelligence?,In what way does the hunting method of the chimpanzee show intelligence?,In what way does the hunting method of the human show intelligence?,In what way does the hunting method of the water spider show intelligence?
"It is mainly because brain size, neuron size, and how neurons connect vary a lot across species and even among humans.",Why is it reliable to compare intelligence only by brain size or neuron count?,Why is it reliable to compare intelligence not only by brain size or neuron count?,Why is it not reliable to compare intelligence purely by brain size or neuron count?,Why is it not reliable to compare intelligence only by brain size or neuron count?,Why is it not reliable to compare intelligence only by brain size or neuron count?
Considering senses is important in studying intelligence because the way a being perceives the world depends on senses. Different senses provide different kinds of information.,How can you explain the importance of considering senses when studying intelligence?,How can you explain the importance of not considering senses when studying intelligence?.,How can you explain the importance of considering intelligence when studying senses?.,How can you explain the downside of considering senses when studying intelligence?.,How can you explain the importance of considering senses when studying intelligence?.
"Intelligence is considered subjective because what counts as intelligent depends on the views, social norms and cultural group making a judgement",Can you explain why intelligence is considered as objective?,Can you explain why intelligence is considered as not subjective?,Can you explain why artificial intelligence is considered as subjective?,Can you explain why intelligence is considered as subjective?,Can you explain why intelligence is considered as subjective?.
Definition of Artificial Intelligence,"What is being described as the study of how to make computers do things at which, at the moment, people are better?","What is being described as the study of how to not make computers do things at which, at the moment, people are better?","What is being described as the study of how to make computers do things at which, at the moment, people are not better?","What is being described as the study of how to make computers do things at which, at the moment, people are bad at doing?","What is being described as the study of how to make computers do things at which, at the moment, people are better?"
Learning means adding new knowledge to the knowledge base and improving or refining previous knowledge.,What is meant by Learning?,What is meant byTraining?,What is meant by Memorizing?,What is meant by Practicing?,What is meant by Learning?
"The AI computer built by Minsky and Elmonds was based on a network of the neuron models of McCulloch and Pitts, which shows how theoretical models were applied to create an early form of artificial intelligence.",How did Minsky and Elmonds’ AI computer relate to the neuron models of McCulloch and Pitts?,How did McCulloch and Pitts’ AI computer relate to the neuron models of Minsky and Elmonds?,How did McCulloch’ AI computer relate to the neuron models of Minsky and Elmonds?,How did McCulloch and Elmonds’ AI computer relate to the neuron models of Minsky and Pitts?.,How did Minsky and Elmonds’ AI computer relate to the neuron models of McCulloch and Pitts?
A hospital uses a kind of system for increasing the accuracy of the diagnosis and formulating more detailed conclusions for it.,How can a natural language processing system for patient intake forms enhance the accuracy of the diagnosis and provide best explanations for its conclusions? Provide an example,How can an expert system that simulates the knowledge of medical specialists assist in improving diagnostic accuracy and explain more vividly of its conclusions? Think of an example,How can a robotics system for automating surgery improve the accuracy of diagnoses? Cite a real-life situation,How can a speech recognition system for doctor's notes increase the accuracy of a doctor’s diagnosis? Give a real-life scenario,How can an expert system that simulates the knowledge of medical specialists assist in improving diagnostic accuracy and explain more vividly of its conclusions? Think of an example
"A conservation team uses another kind of system to map a large, remote, and dangerous jungle area to track deforestation.",In what scenario is sending in a team of human researchers on foot be recommended for the task?,Where would it be best in using an AI-powered vision system on a drone or spy plane to capture and interpret images be the most effective tool?,How can implementing a speech recognition system to listen for logging activity be efficient?,In what situation can designing an expert system to theorize where deforestation might occur be the right tool for the task?,Where would it be best in using an AI-powered vision system on a drone or spy plane to capture and interpret images be the most effective tool?
A company wants to develop a customer service chatbot that doesn't just give canned responses but can understand customer complaints and emotions to de-escalate situations.,How can Logical-Mathematical Intelligence be used? Give an example,What application can you give for the use of Emotional Intelligence (EI)?,Where can Spatial Intelligence be utilized? Give a situation,How can you use Linguistic Intelligence to solve real-life problems?,What application can you give for the use of Emotional Intelligence (EI)?
"To build an AI that can truly understand and navigate the complexities of a human home (e.g., make a bed, clean the house), researchers agree it must first acquire a vast amount of unspoken knowledge.",Can Algorithmic Knowledge be the right kind of knowledge to utilize? Provide a scenario,Is it best to use Common-Sense Knowledge to solve this problem? Give an example,How can Heuristic Knowledge be applied in the real world?,Should Numerical Knowledge be used to formulate a solution? Think of a real-life scenario,Is it best to use Common-Sense Knowledge to solve this problem? Give an example
A factory wants to automate its assembly line to perform tasks that are highly repetitive and dangerous for humans. Applying the principles of AI.,How can you use Natural Language Processing in the field of AI?,Where can Expert Systems be used in the field of AI?,What scenario relating to AI can Game Playing be used?,How can Robotics be applied to AI?,How can Robotics be applied to AI?
You are designing a new AI system and want it to improve its own performance over time by adding new knowledge and refining its existing knowledge base.,In what scenario can The Learning element be a main component of?,How can The Knowledge Representation scheme be used?,Where can The Problem Generator be utilized?,In what situation can The Performance element be suitable?,In what scenario can The Learning element be a main component of?
"A research team wants to bring the concept of ""embodiment"" in AI to life.",What would you do if you had a massive database of common-sense facts?,What would you do if you had the ability to process natural language perfectly?,What can a physical or virtual body with sensors to interact with and perceive a world be used for?,What can the use of a neural network with over a billion connections be?,How can a physical or virtual body with sensors to interact with and perceive a world be used?
A developer wants to create a program that can take a description of a chemical compound in English and identify its molecular structure. This goal directly combines two fields of AI.,In what situation can you use Game Playing and Robotics in solving real-life problems?,How can you apply Vision Systems and Speech Recognition in coming up with solutions for real-life incidents?,What can you do with Neural Networks and Heuristic Search in creating solutions?,How can you use Natural Language Processing and Expert Systems to formulate solutions for real-life scenarios?,How can you use Natural Language Processing and Expert Systems to formulate solutions for real-life scenarios?
"To overcome the limitations of a single, standalone computer and create a more powerful form of intelligence, a company decides to network thousands of computers together, allowing them to share memory, processing, and specializations.",How can you use Distributed Intelligence to surpass the limitations of computers?,How can you use The Turing Test to upgrade the potentiality of computers?,What is the best use of the concept of “Embodiment”?,How can an expert System be used to go beyond the limits of computers?,How can you use Distributed Intelligence to surpass the limitations of computers?
"Based on the historical development of AI, which practical approach allowed the field to advance past philosophical arguments and ""toy"" problems by focusing on solving specific, real-world tasks without claiming to fully replicate human thought?

A team consisting of chemists, doctors, and computer scientists use this practical AI approach to identify molecular structures and provide diagnoses.",For what particular scenario are you pushing for computers to pass the Turing Test for?,What can you do with the creation of expert systems for specialized domains like medicine and chemistry?,What scenario can you think of when it comes to improving the development of the LISP programming language?,"If you were to attempt to simulate the entire human brain and your attempt was successful, what situation can you think of that would require this approach to solve its problem?",What can you do with the creation of expert systems for specialized domains like medicine and chemistry?
"Chess has a limited set of simple and well-defined rules, while housekeeping requires a massive amount of ""common-sense"" knowledge.",Can you analyze and discuss the reasons why developing a computer-chess player is easier than creating a computer housekeeper?,Can you analyze the reasons why developing a computer housekeeping is easier than creating a computer chess player?,Can you analyze why computers are more intelligent than humans?,Can you discuss why computers can easily learn housekeeping?,Can you analyze and discuss the reasons why developing a computer-chess player is easier than creating a computer housekeeper?
"The goal of educating a human and a computer is similar because both aim to teach something (human or computer), so that they can develop the ability to apply knowledge for problem-solving .",How is the goal of educating a human different to the goal of artificial intelligence?,How is the goal of educating a human similar to the goal of artificial intelligence?,What is computer and human intelligence?,Why is it important to study human and computer intelligence?,How is the goal of educating a human similar to the goal of artificial intelligence?
"Cognitive intelligence involves abilities like learning, and posing and solving problems, which focuses on intellectual tasks. While emotional intelligence (EI) involves identifying, understanding, managing, and using emotions. Cognitive intelligence is about thinking and reasoning, EI is about handling emotions.",Can you discuss how cognitive intelligence differ from emotional intelligence?,What are the similarities between cognitive intelligence and emotional intelligence,How does artificial intelligence differ from emotional intelligence,How does artificial intelligence differ from cognitive intelligence,Can you discuss how cognitive intelligence differ from emotional intelligence?
"Computers lack intuitive understanding of everyday situations that people naturally acquire through experience. For example, a person knows that you should not move people by pushing them, if you steal something, the owner will be angry. Computers can perform complex calculations but struggle with everyday reasoning.",Why do computers struggle with common-sense knowledge compared to humans?,Why do humans struggle with common-sense knowledge compared to computers?,Why are computers more intelligent than humans?,Why are computers more emotionally intelligent than humans?,Why do computers struggle with common-sense knowledge compared to humans?
"Our senses determine what information we can receive from the world. Human senses only have a limited range of inputs, which restricts our perception of what we consider as intelligent behavior. This is why we assume that beings who sense the world differently from humans are less intelligent. We should not limit intelligence to human senses only, because other creatures or machines with different sensory abilities may perceive things that humans cannot. The success of a being depends on how well it performs in its own environment","How do our senses affect our perception of intelligence, and why should we not limit intelligence to human senses only?","How do our senses affect our perception of intelligence, and why should we limit intelligence to human senses only?",Why do our senses affect our perception?,Why should we limit intelligence to human senses only?,"How do our senses affect our perception of intelligence, and why should we not limit intelligence to human senses only?"
"If the intelligence of aliens is defined by infrared perceptions, then they might not recognize humans as intelligent beings. From an alien standpoint, they might view telephone exchanges or communications networks as the life forms on earth. This shows that intelligence is subjective and is based on how it is being perceived.","From an alien’s viewpoint with a main sensory of infrared signal, how might their judgement of human intelligence differ compared to how humans view intelligence?","From a human’s viewpoint, how might their judgement of human intelligence differ compared to how aliens view intelligence?",How do aliens view intelligence?,Why are aliens more intelligent than humans?,"From an alien’s viewpoint with a main sensory of infrared signal, how might their judgement of human intelligence differ compared to how humans view intelligence?"
"Computers are better in speed, memory storage, and accuracy. They dominate humans when it comes to performing complex calculations quickly. On the other hand, humans dominate in creativity, emotional intelligence, fuzzy logic, common sense, and adaptability.","Compare the characteristics of humans and computers. In what areas do computers dominate humans, and vice versa?",Compare the characteristics of humans and computers.Why are computers more superior than humans?,Compare the characteristics of humans and computers. Why are humans more superior than computers?,Compare the characteristics of humans and computers. Why are computers and humans intelligent?,"Compare the characteristics of humans and computers. In what areas do computers dominate humans, and vice versa?"
"LISP is a symbolic processing language that represents information in lists and manipulates lists to derive information. Prolog uses the syntax of predicate logic to perform symbolic, logical computations. While both are used for AI programming, LISP focuses on symbolic computation, whereas Prolog is used in logic-based computation and reasoning.",In what ways are LISP and Prolog similar and different as programming languages,What are the characteristics of LISP and Prolog?,Why is Prolog better compared to LISP as a programming language?,How are Prolog and LISP connected to one another?,In what ways are LISP and Prolog similar and different as programming languages
"Turing proposed that if a human interrogator in a room cannot identify or distinguish a human and a machine, then the machine can be considered as intelligent. However, the Turing test was criticized since it depends on the person’s subjective judgement and relies on comparison of behavior. Basically, it focuses on identifying or evaluating resemblance rather than truly understanding.",Analyze the Turing Test. How does it evaluate intelligence? Why has it received criticism from philosophers and computer scientists?,Analyze the Turing Test. How does it evaluate intelligence? Why was it praised by philosophers and computer scientists?,Analyze the Turing Test. How does it evaluate intelligence?,Analyze the Turing Test. Can you say that it is a viable method to test intelligence?,Analyze the Turing Test. How does it evaluate intelligence? Why has it received criticism from philosophers and computer scientists?
The idea of AI was sown long before the development of modern computers. The invention of the electric computer in 1941 and the stored computer program in 1949 led to the creation of the field of computer science and AI. The development of AI led to innovations in programming languages and computing methods.,Analyze the relationship between the development of computers and the emergence of AI. How did they influence each other?,Analyze the relationship between the development of computers and the emergence of AI. Why is AI more important than computers?,Analyze the relationship between the development of computers and the emergence of AI. How are they similar to each other?,Analyze the relationship between the development of computers and the emergence of AI. In what areas are they different?,Analyze the relationship between the development of computers and the emergence of AI. How did they influence each other?
Avoiding drug and alcohol during pregnancy,"How would you improve a child's developing intelligence by synthesizing insights from education, health, and environment?","How would you improve a child's developing emotions by synthesizing insights from education, health, and environment?","How would you improve a child's developing taste by synthesizing insights from education, health, and environment?","How would you improve a child's developing sense of smell by synthesizing insights from education, health, and environment?","How would you improve a child's developing intelligence by synthesizing insights from education, health, and environment?"
A person’s IQ score could increase by three points,What would happen if a person drank coffee immediately before taking an IQ test?,What would happen if a person ate an orange before taking an IQ test?,What would happen if a person drank cranberry juice before taking an IQ test?,What would happen if a person drank apple cider before taking an IQ test?,What would happen if a person drank coffee immediately before taking an IQ test?
By asking a human interrogator to interact with both a human and a machine and see if they can tell which is which,How would you test whether a machine can be considered intelligent according to Alan Turing's proposal?,How would you test whether a machine can be considered intelligent according to Edgar Allan Poe's proposal?,How would you test whether a machine can be considered intelligent according to Eugene Esguerra’s proposal?,How would you test whether a machine can be considered intelligent according to Aristotle's proposal?,How would you test whether a machine can be considered intelligent according to Alan Turing's proposal?
Multiple intelligences,Can you propose an alternative to measuring human intelligence with a single IQ number?,Can you propose an alternative to measuring human emotions with a single EQ number?,Can you propose an alternative to measuring human intelligence with two IQ numbers?,Can you propose an alternative to measuring human intelligence with a single EQ number?,Can you propose an alternative to measuring human intelligence with a single IQ number?
The problems in AI systems could not be overcame,Can you predict the outcome if computing power had not continued to follow Moore's Law during the 1990s to 2000?,Can you predict the outcome if computing power had not continued to follow Murphy's Law during the 1990s to 2000?,Can you predict the outcome if computing power had not continued to follow Moorey's Law during the 1980s to 1990?,Can you predict the outcome if computing power had not continued to follow Crowel’'s Law during the 1990s to 2000?,Can you predict the outcome if computing power had not continued to follow Moore's Law during the 1990s to 2000?
Funding and interest in AI declined after promised results and expectations have failed to be realized,"Can you elaborate on the reason why the 1970s became known as the ""Dark Ages"" of AI research?","Can you elaborate on the reason why the 1960s became known as the ""Dark Ages"" of AI research?","Can you elaborate on the reason why the 1950s became known as the ""Dark Ages"" of AI research?","Can you elaborate on the reason why the 1970s became known as the ""Golden Ages"" of AI research?","Can you elaborate on the reason why the 1970s became known as the ""Dark Ages"" of AI research?"
"It was where John McCarthy, Marvin Minsky, and Claude Shannon laid many of the classical foundations of AI",What facts can you compile about the significance of the get together at Dartmouth College in the USA in 1956?,What facts can you compile about the significance of the get together at Holy Cross College in the Philippines in 1956?,What facts can you compile about the significance of the get together at UP Diliman in 1966?,What facts can you compile about the significance of the get together at Dartmouth College in the USA in 1965?,What facts can you compile about the significance of the get together at Dartmouth College in the USA in 1956?
By considering a being's information-processing process and ability to survive autonomously,"What way would you design a fair comparison of intelligence across humans, animals, and machines?","What way would you design a fair comparison of emotional intelligence across humans, animals, and machines?","What way would you design a fair comparison of the sense of smell across humans, animals, and machines?","What way would you design a fair comparison of sense of taste across humans, animals, and machines?","What way would you design a fair comparison of intelligence across humans, animals, and machines?"
They primarily correlate with exam performance rather than truly measuring intelligence,Can you elaborate on the reason why IQ tests are considered problematic as a measure of intelligence?,Can you elaborate on the reason why EQ tests are considered problematic as a measure of intelligence?,Can you elaborate on the reason why IQ tests are considered helpful as a measure of intelligence?,Can you elaborate on the reason why IQ tests are considered problematic as a measure of emotional intelligence?,Can you elaborate on the reason why IQ tests are considered problematic as a measure of intelligence?
By checking if it is being used in specialized fields to help make discoveries and breakthroughs for important problems,How would you test whether a system is an expert system?,How would you test whether a system is a beginner system?,How would you test whether a system is an expert ecosystem?,How would you test whether a system is a hard system?,How would you test whether a system is an expert system?
"Minsky agrees that AI helps us grasp how knowledge is formed and processed, which could redefine how we see humanity.",How would you evaluate that Minsky agrees that computer science and AI allow us to model how knowledge is formed and processed?,How would you evaluate that Minsky agree that AI won’t just be about machines; it will transform our worldview?,How would you defend how we “think and feel” through computer models will help humans reflect on their own identity and possibly even improve themselves.,How would you defend how knowledge will change our views of Humanity and enable us to change ourselves?,How would you defend how knowledge will change our views of Humanity and enable us to change ourselves?
"Horvitz’s 1990 definition that AI is the exploration of methods for solving challenging tasks—like reasoning, diagnosis, language, and planning—is the best fit. This matches modern AI applications such as natural language processing (ChatGPT), visual recognition, and medical AI, which tackle broad, real-world challenges.","How would you defend which definition of AI among Minsky, Newell, Horvitz is most accurate today?",Can you argue that intelligence is the degree to which a system approximates a knowledge-level system is most accurate.,"Can you argue that Minsky’s definition aligns directly with current AI developments, where deep learning, reinforcement learning, and large language models are designed to solve tasks once thought uniquely human.",How will you support that AI’s evolving landscape suggests no single definition is complete without elements of all three.,"How would you defend which definition of AI among Minsky, Newell, Horvitz is most accurate today?"
Separation of philosophical debates from practical AI development in the 1980s helped progress.,Did philosophical issues remain unresolved and detached from practice?,Did the lack of integration leave unanswered theoretical questions?,"Neutral, because the two schools simply proceeded independently without affecting each other directly.",Did the philosophical issues freed AI developers to focus on real-world solutions?,Did the philosophical issues freed AI developers to focus on real-world solutions?
"The effect of wireless technology had the greatest impact on AI development in the 1990s. It enabled distributed intelligence, treating networked computers as one large intelligent brain.",Can you evaluate that wireless technology allows rapid computer-to-computer communication.,How will you support that internet technology enhanced human communication and raised privacy concerns.,"How did wireless technology affect memory and information across networks, creating shared knowledge capacity.",How will you support specialization within networks that allows different systems to contribute unique strengths?,Can you Evaluate that wireless technology allows rapid computer-to-computer communication.
"Distributed intelligence, enabling AI systems to collaborate across global networks.","How did the ability for AI to specialize across networks, creating collective expertise?","How Did the dispersion of memory and knowledge across multiple systems, increasing shared capacity.",Can you Support that cultural and behavioral changes in human communication.,"In evaluating long-term effects, which outcome of wireless networking remains most critical for AI today?","In evaluating long-term effects, which outcome of wireless networking remains most critical for AI today?"
Lack of emotions that guide human decision-making.,"In evaluating the differences between humans and computers, which factor most limits computers from achieving human-like reasoning?",How do you support the statement that programming is a requirement of programming rather than independent learning.,Can you defend that Discrete nature compared to humans’ continuous reasoning.,How does Humans have limited memory size and computers have unlimited memory size,"In evaluating the differences between humans and computers, which factor most limits computers from achieving human-like reasoning?"
Building expert systems to assist users in solving problems.,"If you were to prioritize AI development for immediate industrial application, which goal would be most appropriate?",Does Creating systems that can explain their reasoning to users solve problems?,Can you support developing AI capable of specialized tasks with accuracy?,Can you evaluate that implementing advisory programs supports human decision-making in real time?,"If you were to prioritize AI development for immediate industrial application, which goal would be most appropriate?"
Working in stressful and complex environments where humans struggle is one advantage of AI,"From an evaluative perspective, which advantage shows AI’s greatest value in situations beyond human capacity?",In what way does solving long-term or difficult problems where direct methods fail.,"Can you Provide consistent, error-free outcomes of AI?",Does AI help in performing calculations that exceed human ability?,"From an evaluative perspective, which advantage shows AI’s greatest value in situations beyond human capacity?"
Enabling people to ask questions in their mother tongue and be understood by computers.,"Can you choose the best description of NLP’s primary goal, and justify why it is most important.",How do you Bridge the gap between human communication and machine processing?,How do you defend making computers intelligent enough to understand human speech?,How does allowing computers to produce responses in ordinary human language?,"Can you choose the best description of NLP’s primary goal, and justify why it is most important."
"Modern research findings, and determine which evidence best illustrates the complexity of nature and nurture in shaping intelligence.","In relation to AI, how can you defend that adoption studies in Denmark show stronger resemblance to biological siblings?",How Does the studies showing the environment after birth influences 40–20% of intelligence true,How can you defend that polls showing 10–80% of intelligence attributed to inheritance.,Can you support that research suggesting foetal development accounts for 20% of intelligence?,"In relation to AI, how can you defend that adoption studies in Denmark show stronger resemblance to biological siblings?"
This is the first step in Polya's five-step sequence for problem solving.,"What is ""Understand the problem""?","What is ""Develop an algorithm""?","What is ""Test the algorithm""?","What is ""Revise the algorithm""?","What is ""Understand the problem""?"
"This problem-solving technique involves breaking a problem into smaller, more manageable parts.","What is ""Divide and Conquer""?","What is ""Exhaustive Enumeration""?","What is ""Abduction""?","What is ""Incubation""?","What is ""Divide and Conquer""?"
This method of problem representation defines the problem in the form of states and operators that move between them.,"What is ""State Space Representation""?","What is ""Problem Reduction""?","What is a ""Production System""?","What is a ""Semantic Network""?","What is ""State Space Representation""?"
"In the Water Jug problem, the initial state is typically represented by this pair of numbers.","What is (5, 3)?","What is (0, 1)?","What is (5, 0)?","What is (0, 0)?","What is (0, 0)?"
"This is the name for the relationship between a knower, like John, and a proposition, like ""Mary will come to the party.""","What is ""Logical Entailment""?","What is a ""Propositional Attitude""?","What is the ""Knowledge Representation Hypothesis""?","What is ""Cognitive Penetrability""?","What is a ""Propositional Attitude""?"
Brian Smith's hypothesis stating that intelligent processes are comprised of symbolic structures that represent propositions and cause the system's behavior.,"What is the ""Intentional Stance""?","What is the ""Knowledge Representation Hypothesis""?","What is ""Modus Ponens""?","What is ""Procedural Knowledge""?","What is the ""Intentional Stance""?"
"This type of knowledge is ""compiled"" information about how to perform a task, often expressed as IF-THEN rules.","What is ""Declarative Knowledge""?","What is ""Commonsense Knowledge""?","What is ""Procedural Knowledge""?","What is ""Heuristic Knowledge""?","What is ""Procedural Knowledge""?"
This knowledge representation scheme uses a pattern of interconnected nodes and arcs to represent objects and their relationships.,"What is ""Conceptual Dependency""?","What is a ""Frame""?","What is a ""Script""?","What is a ""Semantic Network""?","What is a ""Semantic Network""?"
This is the name for the organized collection of facts about a system’s domain in an expert system.,"What is the ""Explanation Facility""?","What is the ""Inference Engine""?","What is the ""Knowledge Base""?","What is the ""User Interface""?","What is the ""Knowledge Base""?"
This early influential expert system from Stanford was designed to diagnose blood infections and recommend antibiotic treatments.,"What is ""DENDRAL""?","What is ""PROSPECTOR""?","What is ""MYCIN""?","What is ""EMYCIN""?","What is ""MYCIN""?"
"An algorithm is computationally intensive, involves an exhaustive search, and is always 100% correct, while a heuristic is a rule of thumb that selects promising paths more efficiently but does not guarantee a solution and may sometimes be wrong.",How would you compare an algorithm to a heuristic?,How is an algorithm similar to a heuristic?,How would you describe an algorithm?,How would you classify a heuristic?,How would you compare an algorithm to a heuristic?
"Forward state space search or progression planning moves in the forward direction from the starting state toward the goal state, while backward state space search or regression planning starts from the goal state and works backward to the starting state.",What are the similarities between forward state space search and backward state space?,What is the difference between forward state space search and backward state space?,How can you describe a forward state space search?,How can you describe a backward state space?,What is the difference between forward state space search and backward state space?
Problem solving consists of moving from a given initial situation to a desired goal situation. It is the process of designing and carrying out a set of steps to reach a goal,How can you describe the term problem?,How can you identify a problem?,How can you describe problem solving?,How can you solve a problem?,How can you describe problem solving?
"What is considered a problem is determined by an individual’s knowledge, skills, and experience; a situation that is challenging for one person may be a routine task for another.",How can you define a problem?,How can you solve a problem?,Why is it important to analyze the problem?,Why can the same situation be a problem for a person but not for another person?,Why can the same situation be a problem for a person but not for another person?
Divide and conquer is a problem-solving technique based on the notion of breaking up a Problem into smaller parts,How does greedy approach work?,What are the advantages of using divide and conquer?,How does divide and conquer work?,How does dynamic search work?,How does divide and conquer work?
The Human Window is a region constrained by human memory capabilities and computational limitations,What is being inferred by the human window?,What is being inferred by human,What is being inferred by Intelligence?,What is being inferred by problem solving?,What is being inferred by the human window?
"Knowledge is a relation between a knower and a proposition, where the proposition is an idea expressed by a declarative sentence that can be true or false",How would you describe representation?,How would you compare knowledge and representation?,How would you describe reasoning?,How would you describe knowledge?,How would you describe knowledge?
"Representation is a relationship where one domain (the representor, often a symbol) stands for or takes the place of another, usually more abstract, domain.",How would you describe knowledge?,How would you describe representation?,How would you compare knowledge and representation?,How would you describe reasoning?,How would you describe representation?
Reasoning is the formal manipulation of symbols representing propositions to produce new representations.,How would you describe knowledge?,How would you describe representation?,How would you compare knowledge and representation?,How would you describe reasoning?,How would you describe reasoning?
"Domain-specific knowledge is specialized knowledge required for a particular task and is acquired through training or study, while commonsense knowledge includes all other knowledge that help in reasoning beyond the specific domain",What is the difference between domain-specific knowledge and commonsense knowledge?,What is the difference between knowledge and common sense?,What is the difference between domain knowledge and knowledge?,What is the difference between knowledge and wisdom?,What is the difference between domain-specific knowledge and commonsense knowledge?
"If a carpenter’s team were given better tools, better training and better experience, then they would be able to accomplish their task more efficiently and the overall capabilities of the team would improve.","What would be the result if a carpenter’s team would be provided with better tools, better training and better experience?",What would be the result if a carpenter’s team would be provided only with better tools?,What would be the result if a carpenter’s team would be provided only with better training?,What would be the result if a carpenter’s team would be provided only with better experience?,"What would be the result if a carpenter’s team would be provided with better tools, better training and better experience?"
"First understand the problem: certain computers are known to have problems in their power supply. Develop a plan: Try to test both power supplies. Implement the plan: the plan was executed, then testing the plan through a series of implementations. Lastly is revising the plan knowing that the problem does not lie on the power supply.",How would you use POLYA’s five steps for problem solving on the issue involving a laptop that keeps dying?,How would you fix a bicycle based on Polya’s five steps?,How would you use POLYA’s six steps for problem solving on the issue involving a laptop that keeps dying?,How do you solve all computer problems using Polya's five steps?,How would you use POLYA’s five steps for problem solving on the issue involving a laptop that keeps dying?
"Tic-tac-toe has a finite number of possible games. Using the problem solving strategy of exhaustive enumeration, the possibilities for “win”, “draw”, and “loss” in tic-tac-toe can fairly easily be determined.",How would you apply the problem solving techniques in solving different possibilities of events in a tic-tac-toe game?,How would you use contradiction in solving different possibilities of events in a tic-tac-toe game?,How would you use divide and conquer in solving different possibilities of events in a tic-tac-toe game?,How would you use induction in solving different possibilities of events in a tic-tac-toe game?,How would you apply the problem solving techniques in solving different possibilities of events in a tic-tac-toe game?
By applying this problem solving strategy it will be much more manageable to travel to Miami by breaking the trip into four segments of 5 hours each rather than driving 20 hours straight.,What would happen if you use divide and conquer on driving to Miami with an estimated time of 20 hours?,What would happen if you use contradiction on driving to Miami with an estimated time of 20 hours?,What would happen if you use enumeration on driving to Miami with an estimated time of 20 hours?,What would happen if you use induction on driving to Miami with an estimated time of 20 hours?,What would happen if you use divide and conquer on driving to Miami with an estimated time of 20 hours?
"To solve the problem, it is ideal to break it down into smaller portions and solve each by applying some specific rules. By adding the results of these individual solutions, the complete solutions can be obtained.",Isx2 +sin(2x)+cos(2x)dxsolvable?,What way would you plan to solve x2 +sin(2x)+cos(2x)dx?,How can you relatex2 +sin(2x)+cos(2x)dxto problem solving?,Is problem solving applicable to solve x2 +sin(2x)+cos(2x)dx?,What way would you plan to solve x2 +sin(2x)+cos(2x)dx?
"The initial state is when the water in the pan is in liquid state. When the rule is applied, in this case the stove is turned on, the state of the water changes. Eventually, continuing heating the water undergoes a phase change and reaches the goal state which in this case is boiled water(vapor).",How can you define water in the pan using problem reduction?,How can you define a water in the pan using state space representation?,How can you define water in the pan using a production system?,How can you define a water in the pan using contradiction?,How can you define a water in the pan using state space representation?
"One aspect of intelligent behavior is directly connected with knowledge. Various activities and decisions about what to do are based on what humans know about the world, effortlessly and unconsciously.","Based on the aspect of human intelligence, how do we make decisions?","Based on the aspect of animal intelligence, how do they make decisions?","Based on the aspect of artificial intelligence, how does it make decisions?","Based on the aspect of machine learning, how does it make decisions?","Based on the aspect of human intelligence, how do we make decisions?"
"To make sure that information is transmitted successfully, it is important to apply an intentional stance. Knowledge should be represented in a clear and structured way so learners would be able to connect it to what they already know.","Suppose you are a tutor, what fact would you use that does not involve knowledge and representation to make sure that the lesson goes well?","Suppose you are a tutor, what fact would you use that involves knowledge and representation to make sure that the lesson goes well?","Suppose you are a tutor, what fact would you use that involves knowledge-based systems to make sure that the lesson goes well?","Suppose you are a tutor, what fact would you use that does not involve knowledge-based systems to make sure that the lesson goes well?","Suppose you are a tutor, what fact would you use that involves knowledge and representation to make sure that the lesson goes well?"
"Procedural knowledge gives you information on how to achieve something. In this case, we want to find the quadratic formula. First, we apply the special rules that we know such as perfect square, then we then apply the method that we know on solving the quadratic formula such as taking the root, lastly we apply the rules we know for an algebraic equation which gives us the value of x which is -1.",What way would you plan to illustrate a procedural knowledge representation scheme in solving the quadratic formula of x2+2x+1,What way would you plan to illustrate declarative knowledge in solving the quadratic formula of x2+2x+1?,What way would you plan to illustrate common knowledge in solving the quadratic formula of x2+2x+1?,What way would you plan to illustrate procedural knowledge in solving the quadratic formula of x2+2x+1?,What way would you plan to illustrate a procedural knowledge representation scheme in solving the quadratic formula of x2+2x+1
"If certain conditions or symptoms are present, then the system infers a possible disease based on the data. In this case, the if statement are the rules that was being implemented while utilizing the knowledge base.","In a system for the diagnosis of eye diseases, how does the “IF-THEN” rule is adapted?","In a system for the diagnosis of eye diseases, how does the heuristic knowledge is adapted?","In a system for the diagnosis of eye diseases, how does the forward chaining is adapted?","In a system for the diagnosis of eye diseases, how does the backward is adapted?","In a system for the diagnosis of eye diseases, how does the “IF-THEN” rule is adapted?"
"A set of production rules, working memory, control system, and rule applier",How can you break down the key components that make up a media system in AI and analyze how they differ from those of an orange system?,How can you break down the key components that make up a media system in AI and analyze how they differ from those of a media system?,How can you break down the key components that make up a media system in AI and analyze how they differ from those of a synthetic system?,How can you break down the key components that make up a media system in AI and analyze how they differ from those of a production system?,How can you break down the key components that make up a media system in AI and analyze how they differ from those of an expert system?
"Knowledge conditions intelligent behavior, and systems must represent it symbolically to exhibit intelligence",What can you infer about the relationship between knowledge and emotional behavior according to the knowledge representation hypothesis?,What can you infer about the relationship between knowledge and intelligent behavior according to the knowledge representation statement?,What can you infer about the relationship between knowledge and intelligent behavior according to the knowledge misrepresentation hypothesis?,What can you infer about the relationship between knowledge and intelligent behavior according to the knowledge representation hypothesis?,What can you infer about the relationship between knowledge and intelligent behavior according to the knowledge representation hypothesis?
"Heuristics provide faster solutions with less processing, though not guaranteed",What evidence refutes the claim that heuristics are more practical than algorithms for human problem solving?,What evidence supports the claim that logistics are more practical than algorithms for human problem solving?,What evidence supports the claim that heuristics are more practical than algorithms for robot problem solving?,What evidence supports the claim that heuristics are more practical than algorithms for human problem solving?,What evidence supports the claim that heuristics are more practical than algorithms for human problem solving?
State space shows all states but is resource-intensive; problem reduction breaks problems into sub-problems but uses AND-OR relationships,What are the disadvantages and limitations of state space representation versus problem reduction?,What are the scope and limitations of state space representation versus problem reduction?,What are the advantages and limitations of state time representation versus problem reduction?,What are the advantages and limitations of state space representation versus problem reduction?,What are the advantages and limitations of state space representation versus problem reduction?
"It follows a systematic cycle: understand, plan, implement, test, revise that applies regardless of domain",What patterns can you identify in Louie's five-step problem-solving approach that make it universally applicable?,What patterns can you identify in Eugene's five-step problem-solving approach that make it universally applicable?,What patterns can you identify in Ponya's five-step problem-solving approach that make it universally applicable?,What patterns can you identify in Polya's five-step problem-solving approach that make it universally applicable?,What patterns can you identify in Polya's five-step problem-solving approach that make it universally applicable?
Knowledge is a relation between a knower and a proposition that can be true or false; belief is similar but without certainty of accuracy,"What can you examine based on the relationship of sentence, knowledge, and belief in knowledge representation systems?","What can you examine based on the relationship of propositions, knowledge, and disbelief in knowledge representation systems?","What can you examine based on the relationship of propositions, reading, and belief in knowledge representation systems?","What can you examine based on the relationship of propositions, knowledge, and belief in knowledge representation systems?","What can you examine based on the relationship of propositions, knowledge, and belief in knowledge representation systems?"
"In monotonic systems, rule application never prevents later rule applications; in non-monotonic systems, it can prevent other rules",What factors distinguish monotonic from non-monotonic expert systems?,What factors distinguish monotonic from non-monotonic media systems?,What factors distinguish monotonic from non-monotonic memory systems?,What factors distinguish monotonic from non-monotonic production systems?,What factors distinguish monotonic from non-monotonic production systems?
"It defines constraints (correctness, grain size, executability, comprehensibility) that make solutions usable by humans",Can you analyze what makes the Robot Window concept essential for AI problem solving?,Can you analyze what makes the Human Door concept essential for AI problem solving?,Can you analyze what makes the Human Window concept essential for Human problem solving?,Can you analyze what makes the Human Window concept essential for AI problem solving?,Can you analyze what makes the Human Window concept essential for AI problem solving?
Knowledge-based systems contain symbolic representations that stand for propositions and causally influence behavior,What elements differentiate knowledge-based systems from non-knowledge-based Expert systems?,What elements differentiate knowledge-based systems from non-knowledge-based Media systems?,What elements differentiate knowledge-based systems from non-knowledge-based Orange systems?,What elements differentiate knowledge-based systems from non-knowledge-based AI systems?,What elements differentiate knowledge-based systems from non-knowledge-based AI systems?
"Four strategies: specificity (choose most specific), recency (favor recent facts), refraction (prevent infinite loops), order (use presentation sequence)",How can you break down the conflict solution strategies in production systems and analyze their purposes?,How can you break down the window resolution strategies in production systems and analyze their purposes?,How can you break down the memory resolution strategies in production systems and analyze their purposes?,How can you break down the conflict resolution strategies in production systems and analyze their purposes?,How can you break down the conflict resolution strategies in production systems and analyze their purposes?
Expert systems combine seven fundamental modules to create a complete architectural framework.,"How would you integrate knowledge base, inference engine, user interface, explanation facility, knowledge acquisition facility, external interface, and database into a unified system?","How would you synthesize input module, processing unit, output module, memory bank, control unit, feedback system, and storage device for optimal performance?","How would you combine data collection, pattern recognition, decision making, result generation, error checking, user communication, and system monitoring into a cohesive architecture?","How would you merge rule interpreter, fact database, goal processor, conflict resolver, trace facility, learning module, and validation system into an integrated design?","How would you integrate knowledge base, inference engine, user interface, explanation facility, knowledge acquisition facility, external interface, and database into a unified system?"
MYCIN creates a medical diagnostic framework by combining five specific modules.,"How would you synthesize knowledge base, patient database, consultation program, explanation program, and knowledge acquisition program into a medical expert system?","How would you integrate symptom analyzer, diagnosis engine, treatment planner, drug selector, and monitoring system for clinical decision-making?","How would you combine data input, pattern matching, rule processing, result output, and feedback loop into a diagnostic tool?","How would you merge patient interface, medical database, expert consultation, treatment recommendation, and follow-up system into a healthcare solution?","How would you synthesize knowledge base, patient database, consultation program, explanation program, and knowledge acquisition program into a medical expert system?"
Expert systems create comprehensive inference mechanisms by combining forward and backward chaining strategies.,How would you integrate data-driven strategy moving from facts to goal with goal-driven strategy working from conclusion to premises?,How would you combine top-down reasoning with bottom-up processing approaches?,How would you synthesize sequential processing with parallel execution methods?,How would you merge rule-based inference with case-based reasoning techniques?,How would you integrate data-driven strategy moving from facts to goal with goal-driven strategy working from conclusion to premises?
Polya developed a comprehensive problem-solving methodology by organizing five essential steps into a systematic approach.,"How would you synthesize understanding the problem, developing an algorithm, implementing the algorithm, testing the algorithm, and revising the algorithm into an effective methodology?","How would you integrate defining objectives, gathering information, generating alternatives, evaluating options, and making decisions into a decision-making framework?","How would you combine identifying variables, formulating hypotheses, designing experiments, collecting data, and drawing conclusions into a research methodology?","How would you merge analyze requirements, design solution, code implementation, perform testing, and deploy system into a development lifecycle?","How would you synthesize understanding the problem, developing an algorithm, implementing the algorithm, testing the algorithm, and revising the algorithm into an effective methodology?"
Knowledge representation creates meaningful relationships by establishing connections between representor and represented domains.,"How would you design a system where the representor stands for or takes the place of the represented, with the first being more concrete and accessible?",How would you construct a framework combining syntax and semantics in formal language structures?,How would you develop a model linking abstract concepts with concrete implementations?,How would you create an architecture merging symbolic structures with computational processes?,"How would you design a system where the representor stands for or takes the place of the represented, with the first being more concrete and accessible?"
The Knowledge Representation Hypothesis creates intelligent systems by combining structural ingredients with dual essential properties.,How would you design systems where external observers naturally take elements to represent propositional knowledge while these elements play formal causal roles in generating behavior?,How would you create architectures that are computationally efficient while maintaining logical consistency?,How would you develop frameworks supporting symbolic reasoning while enabling knowledge acquisition?,How would you build systems providing explanatory capability while ensuring system reliability?,How would you design systems where external observers naturally take elements to represent propositional knowledge while these elements play formal causal roles in generating behavior?
Expert systems achieve effectiveness by integrating nine essential characteristics into a cohesive framework.,"How would you design a system that synthesizes complex problem solving, heuristic reasoning, uncertain data handling, multiple hypothesis consideration, expert-level performance, reasonable response time, reliability, explanation capability, and significant ROI?","How would you create an architecture combining data processing, pattern recognition, decision making, learning capability, user interaction, system maintenance, error handling, performance optimization, and scalability?","How would you develop a framework integrating input validation, knowledge storage, inference processing, output generation, user communication, system monitoring, error recovery, performance tracking, and resource management?","How would you construct a system merging rule processing, fact checking, goal setting, conflict resolution, explanation generation, knowledge updating, user guidance, system validation, and result verification?","How would you design a system that synthesizes complex problem solving, heuristic reasoning, uncertain data handling, multiple hypothesis consideration, expert-level performance, reasonable response time, reliability, explanation capability, and significant ROI?"
The Human Window concept creates optimal problem solutions by integrating four specific criteria into a unified framework.,"How would you develop solutions that synthesize correctness, appropriate grain size, executability, and comprehensibility within human cognitive limitations?","How would you create approaches combining efficiency, accuracy, usability, and maintainability for human problem-solvers?","How would you design methodologies integrating speed, reliability, flexibility, and scalability for human use?","How would you construct frameworks merging simplicity, elegance, robustness, and optimality within human constraints?","How would you develop solutions that synthesize correctness, appropriate grain size, executability, and comprehensibility within human cognitive limitations?"
Expert systems create comprehensive knowledge representation by combining two distinct types of knowledge.,How would you integrate factual knowledge with heuristic knowledge to create a complete knowledge base?,How would you combine procedural knowledge with declarative knowledge for optimal system performance?,How would you synthesize explicit knowledge with implicit knowledge into a unified representation?,How would you merge theoretical knowledge with practical knowledge for effective problem-solving?,How would you integrate factual knowledge with heuristic knowledge to create a complete knowledge base?
Knowledge-based systems create intelligent reasoning by synthesizing symbolic manipulation with proposition generation.,How would you design a reasoning system that combines formal manipulation of symbols representing believed propositions with the production of new proposition representations?,How would you create a framework integrating logical operations on data structures with computational result generation?,How would you develop a methodology combining algorithmic processes on knowledge representations with conclusion derivation?,How would you construct a system merging systematic procedures on information elements with new knowledge creation?,How would you design a reasoning system that combines formal manipulation of symbols representing believed propositions with the production of new proposition representations?
"The text suggests that McCarthy’s choice may have done a disservice to the field because “AI” is an emotion-laden term. It often makes people think of Frankenstein-like monsters replacing humans, even though the field is really about tools that extend human capabilities",What is your opinion of John McCarthy inventing the first AI robot in 1956?,What is your opinion of John McCarthy’s choice of the term artificial intelligence in 1956?,What is your opinion of people debating whether artificial muscles are as dangerous as human muscles?,What is your opinion of Kurzweil coining the term artificial intelligence?,What is your opinion of John McCarthy’s choice of the term artificial intelligence in 1956?
"Because ICT systems can solve or substantially aid in solving certain problems, so education should focus on how students can use computers as partners in problem-solving, rather than trying to outcompete them",Why is it better that humans compete against computers instead of working with them?,Why is it better that humans work cooperatively with computers rather than compete against them in solving problems?,Why is it better that computers eliminate all problem-solving topics from the school curriculum?,Why is it better that Kurzweil taught students how to play chess against robots?,Why is it better that humans work cooperatively with computers rather than compete against them in solving problems?
"Polya’s five-step approach is highly effective because it provides a systematic process that can be applied across domains. It emphasizes understanding the problem, developing and testing algorithms, and revising solutions if needed, which ensures a structured and adaptable framework for solving complex issues",How would you evaluate the ineffectiveness of Polya’s five-step approach to problem solving?,How would you evaluate the effectiveness of Polya’s five-step approach to problem solving?,How would you evaluate the randomness of Polya’s five-step approach to problem solving?,How would you evaluate the irrelevance of Polya’s five-step approach to problem solving?,How would you evaluate the effectiveness of Polya’s five-step approach to problem solving?
"They chose the small fan because, based on prior experience and observation, the laptop was overheating near the fan vent. Using an external fan was a practical way to test whether extra cooling could keep the laptop from shutting down",Why did they choose to replace the keyboard to solve the laptop problem?,Why did they choose to use a small fan to cool the laptop to solve the overheating problem?,Why did they choose to ignore the overheating issue and keep working on the laptop?,Why did they choose to change the software to fix the overheating problem?,Why did they choose to use a small fan to cool the laptop to solve the overheating problem?
"I would recommend using state space representation, since it defines problems in terms of initial, intermediate, and goal states, making it easier to track transitions with operators and find solutions",What would you recommend as the fastest hardware for solving the Water Jug problem?,"What would you recommend as a suitable method for representing problems in AI when the problem involves a sequence of states, like in the 8-puzzle or Water Jug problem?",What would you recommend as the correct goal state of the 8-puzzle problem for every situation?,What would you recommend instead of using operators in a state space search?,"What would you recommend as a suitable method for representing problems in AI when the problem involves a sequence of states, like in the 8-puzzle or Water Jug problem?"
"Yes, it would be better, because decomposing a large problem into smaller or easier sub-problems makes the solution more manageable. Each part can be solved separately, and the results can be combined to form the complete solution",Would it be better if AI systems avoided using knowledge bases altogether?,Would it be better if large AI problems were broken down into smaller sub-problems before solving them?,Would it be better if the solution steps in chess could always be undone?,Would it be better if state space representation ignored initial and goal states?,Would it be better if large AI problems were broken down into smaller sub-problems before solving them?
"I would judge that symbolic representation is crucial in AI because it allows knowledge to be explicitly stored, manipulated, and reasoned over. Unlike hard-coded procedures, symbolic representations provide flexibility, extensibility, and explainability, making knowledge-based systems more adaptable and transparent.",What judgment would you make about symbolic representation being unnecessary for all AI systems?,What judgment would you make about the importance of symbolic representation in AI systems?,What judgment would you make about reasoning being identical to arithmetic calculation?,What judgment would you make about beliefs always being true knowledge in AI systems?,What judgment would you make about the importance of symbolic representation in AI systems?
"Yes, I agree, because the second program explicitly uses symbolic structures that both represent propositions and causally determine system behavior. This aligns with the Knowledge Representation Hypothesis, unlike the first program which only prints outputs without representing actual beliefs",Do you agree with the actions of designing the first PROLOG program as a web-based system?,Do you agree with the actions of designing the second PROLOG program according to the Knowledge Representation Hypothesis?,Do you agree with the actions of treating all AI systems as if they must use symbolic representation?,Do you agree with the actions of assuming reasoning is always logically sound and complete in practice?,Do you agree with the actions of designing the second PROLOG program according to the Knowledge Representation Hypothesis?
"Knowledge is crucial for artificial intelligence because intelligence itself requires knowledge. Intelligent systems use knowledge to understand sentences, eliminate unnecessary searches, and solve problems more efficiently. Without knowledge, facts and concepts are meaningless and systems would lack reasoning power",How can you assess the value or importance of databases in replacing knowledge-based systems?,How can you assess the value or importance of knowledge in artificial intelligence systems?,How can you assess the value or importance of commonsense knowledge without domain-specific knowledge in expert systems?,How can you assess the value or importance of procedural knowledge being the only form of knowledge representation needed?,How can you assess the value or importance of knowledge in artificial intelligence systems?
Frames are effective because they allow both declarative and operational knowledge to be stored in a single structure. Frames can include objects along with their attributes and default values. They can capture both the facts and actions needed to represent complex knowledge clearly and hierarchically.,How would you prove that frames are only useful for representing single attributes of objects?,How would you prove that frames are effective for representing complex objects in knowledge representation?,How would you prove that frames replace the need for semantic networks entirely?,How would you prove that frames cannot represent commonsense knowledge?,How would you prove that frames are effective for representing complex objects in knowledge representation?